ID,Tipo,SKU,Nombre,Publicado,¿Está destacado?,Visibilidad en el catálogo,Descripción corta,Descripción,Estado del impuesto,Clase de impuesto,¿En inventario?,Inventario,Peso (kg),Longitud (cm),Anchura (cm),Altura (cm),Precio rebajado,Precio normal,Categorías,Etiquetas,Clase de envío,Imágenes https://drive.google.com/drive/folders/1aGLzV9KTZtu0GRPBiOBXpyDOLDpRR7fl,Swatches Attributes,Nombre del atributo 1,Valor(es) del atributo talla,Atributo visible talla,Atributo global talla,Atributo por defecto talla
32169,variable,pbo-cinturon,CINTURÓN POWERLIFTING PBO,1,0,visible,"¡Ya disponible nuestro CINTURÓN PBO para para que mejores más que nunca tu rendimiento en los básicos! Consigue meter más kg a la barra sintiéndote más fuerte, seguro y compacto que nunca.
\n
\n<strong>CARACTERISTICAS:</strong>
\n
\n- Materiales de alta calidad y remaches avanzados para evitar que se abra al realizar el movimiento.
\n- Cinturón semi rígido, se adapta con facilidad ofreciendo una fuerte sujección.
\n- 10mm de grosor y 10 cm de anchura para una sujeción óptima del lumbar y del core. Conseguir más fuerza en el core es una de las claves para conseguir transferir fuerza de forma eficiente y levantar más pesado.
\n-Logotipo PBO, Diseño oficial del equipo.
\n
\n&nbsp;","¡Ya disponible nuestro CINTURÓN PBO para para que mejores más que nunca tu rendimiento en los básicos! Consigue meter más kg a la barra sintiéndote más fuerte, seguro y compacto que nunca.
\n
\nEn PBO usamos materiales de la más alta calidad. Nuestro compromiso es conseguir un cinturón con buenos acabados y que sea duradero, no como otras marcas que se estropean fácilmente cuando afrontas levantamientos pesados.
\n
\n<strong>CARACTERISTICAS:</strong>
\n
\n- Materiales de alta calidad y remaches avanzados para evitar que se abra al realizar el movimiento.
\n- Cinturón semi rígido, se adapta con facilidad ofreciendo una fuerte sujección.
\n- 10mm de grosor y 10 cm de anchura para una sujeción óptima del lumbar y del core. Conseguir más fuerza en el core es una de las claves para conseguir transferir fuerza de forma eficiente y levantar más pesado.
\n-Logotipo PBO, Diseño oficial del equipo.
\n
\nHay existencias.
\n
\n&nbsp;",taxable,,0,0,,,,,,,"TIENDA > Accesorios, TIENDA",,Envío Growbeats,"https://powerbuildingoficial.com/wp-content/uploads/2020/10/cinturonpbo.jpg, https://powerbuildingoficial.com/wp-content/uploads/2020/10/cinturonpbo4.jpg, https://powerbuildingoficial.com/wp-content/uploads/2020/10/cinturonpbo3-1.jpg",,Talla,"L, M, S, XL",1,1,M
32418,variable,,CINTURÓN POWERLIFTING PBO - XL,1,0,visible,,,taxable,parent,1,4,,,,,,3499,,,,,,Talla,XL,,1,
32416,variable,,CINTURÓN POWERLIFTING PBO - M,1,0,visible,,,taxable,parent,0,0,,,,,,3499,,,,,,Talla,M,,1,
32417,variable,,CINTURÓN POWERLIFTING PBO - L,1,0,visible,,,taxable,parent,0,0,,,,,,3499,,,,,,Talla,L,,1,
32415,variable,,CINTURÓN POWERLIFTING PBO - S,1,0,visible,,,taxable,parent,1,4,,,,,,3499,,,,,,Talla,S,,1,
,variable,,,,,visible,,,taxable,parent,,,,,,,,,,,,,,Talla,,,,
H31206,variable,,BLUSA STICKER BOOM,1,1,visible,,"Nuestras BLUSAS viene con escote tipo U, 2 bolsillos frontales y aberturas a los lados que le brindan un mejor ajuste al cuerpo, sin cierre ya que al ser licrado no es necesario y te brinda más comodidad.

Están fabricados en telas de última tecnología como lo es el
Antifluido stretch con elongación bidireccional, posee una composición de 88%
poliéster - 12% Lycra, que además de brindar frescura y protección te da
libertad de movimiento.

El proceso de diseño es realizado
por sublimación digital de alta calidad, para que los colores sean vivos y
duraderos
",taxable,parent,0,,,,,,,96000,BLUSA ESTAMPADA,,,"STICKERBOOM 1.jpg, STICKERBOOM 2.jpg, STICKERBOOM 3.jpg, STICKERBOOM 4.jpg",,Talla,"XS, S, M, L, XL, XXL",1,1,M
H31206XS,variable,,BLUSA STICKER BOOM XS,1,1,visible,,,taxable,parent,1,4,,,,,,96000,,,,,,Talla,XS,,,
H31206S,variable,,BLUSA STICKER BOOM S,1,1,visible,,,taxable,parent,1,2,,,,,,96000,,,,,,Talla,S,,,
H31206M,variable,,BLUSA STICKER BOOM M,1,1,visible,,,taxable,parent,1,2,,,,,,96000,,,,,,Talla,M,,,
H31206L,variable,,BLUSA STICKER BOOM L,1,1,visible,,,taxable,parent,1,2,,,,,,96000,,,,,,Talla,L,,,
H31206XL,variable,,BLUSA STICKER BOOM XL,1,1,visible,,,taxable,parent,1,2,,,,,,96000,,,,,,Talla,XL,,,
H31206XXL,variable,,BLUSA STICKER BOOM XXL,1,1,visible,,,taxable,parent,1,2,,,,,,96000,,,,,,Talla,XXL,,,
H31217,variable,,BLUSA OSOS ,1,1,visible,,"Nuestras BLUSAS viene con escote tipo U, 2 bolsillos frontales y aberturas a los lados que le brindan un mejor ajuste al cuerpo, sin cierre ya que al ser licrado no es necesario y te brinda más comodidad.

Están fabricados en telas de última tecnología como lo es el
Antifluido stretch con elongación bidireccional, posee una composición de 88%
poliéster - 12% Lycra, que además de brindar frescura y protección te da
libertad de movimiento.

El proceso de diseño es realizado
por sublimación digital de alta calidad, para que los colores sean vivos y
duraderos
",taxable,parent,0,,,,,,,96000,BLUSA ESTAMPADA,,,"OSOS 1 jpg, OSOS 2 jpg, OSOS 3 jpg, OSOS 4 jpg",,Talla,"XS, S, M, L, XL, XXL",1,1,M
H31217XS,variable,,BLUSA OSOS XS,1,1,visible,,,taxable,parent,1,4,,,,,,96000,,,,,,Talla,XS,,,
H31217S,variable,,BLUSA OSOS S,1,1,visible,,,taxable,parent,1,0,,,,,,96000,,,,,,Talla,S,,,
H31217M,variable,,BLUSA OSOS M,1,1,visible,,,taxable,parent,1,4,,,,,,96000,,,,,,Talla,M,,,
H31217L,variable,,BLUSA OSOS L,1,1,visible,,,taxable,parent,1,4,,,,,,96000,,,,,,Talla,L,,,
H31217XL,variable,,BLUSA OSOS XL,1,1,visible,,,taxable,parent,1,4,,,,,,96000,,,,,,Talla,XL,,,
H31217XXL,variable,,BLUSA OSOS XXL,1,1,visible,,,taxable,parent,1,1,,,,,,96000,,,,,,Talla,XXL,,,
H31204,variable,,BLUSA CATS ,1,1,visible,,"Nuestras BLUSAS viene con escote tipo U, 2 bolsillos frontales y aberturas a los lados que le brindan un mejor ajuste al cuerpo, sin cierre ya que al ser licrado no es necesario y te brinda más comodidad.

Están fabricados en telas de última tecnología como lo es el
Antifluido stretch con elongación bidireccional, posee una composición de 88%
poliéster - 12% Lycra, que además de brindar frescura y protección te da
libertad de movimiento.

El proceso de diseño es realizado
por sublimación digital de alta calidad, para que los colores sean vivos y
duraderos
",taxable,parent,0,,,,,,,96000,BLUSA ESTAMPADA,,,"CATS 1.jpg, CATS 2.jpg, CATS 3.jpg",,Talla,"XS, S, M, L, XL, XXL",1,1,M
H31204XS,variable,,BLUSA CATS XS,1,1,visible,,,taxable,parent,1,2,,,,,,96000,,,,,,Talla,XS,,,
H31204S,variable,,BLUSA CATS S,1,1,visible,,,taxable,parent,1,2,,,,,,96000,,,,,,Talla,S,,,
H31204M,variable,,BLUSA CATS M,1,1,visible,,,taxable,parent,1,2,,,,,,96000,,,,,,Talla,M,,,
H31204L,variable,,BLUSA CATS L,1,1,visible,,,taxable,parent,1,2,,,,,,96000,,,,,,Talla,L,,,
H31204XL,variable,,BLUSA CATS XL,1,1,visible,,,taxable,parent,1,2,,,,,,96000,,,,,,Talla,XL,,,
H31204XXL,variable,,BLUSA CATS XXL,1,1,visible,,,taxable,parent,1,2,,,,,,96000,,,,,,Talla,XXL,,,
H31216,variable,,BLUSA MONSTER ,1,1,visible,,"Nuestras BLUSAS viene con escote tipo U, 2 bolsillos frontales y aberturas a los lados que le brindan un mejor ajuste al cuerpo, sin cierre ya que al ser licrado no es necesario y te brinda más comodidad.

Están fabricados en telas de última tecnología como lo es el
Antifluido stretch con elongación bidireccional, posee una composición de 88%
poliéster - 12% Lycra, que además de brindar frescura y protección te da
libertad de movimiento.

El proceso de diseño es realizado
por sublimación digital de alta calidad, para que los colores sean vivos y
duraderos
",taxable,parent,0,,,,,,,96000,BLUSA ESTAMPADA,,,"MONSTER 1.jpg, MONSTER 2.jpg, MONSTER 3.jpg, MONSTER 4.jpg",,Talla,"XS, S, M, L, XL, XXL",1,1,M
H31216XS,variable,,BLUSA MONSTER XS,1,1,visible,,,taxable,parent,1,2,,,,,,96000,,,,,,Talla,XS,,,
H31216S,variable,,BLUSA MONSTER S,1,1,visible,,,taxable,parent,1,2,,,,,,96000,,,,,,Talla,S,,,
H31216M,variable,,BLUSA MONSTER M,1,1,visible,,,taxable,parent,1,2,,,,,,96000,,,,,,Talla,M,,,
H31216L,variable,,BLUSA MONSTER L,1,1,visible,,,taxable,parent,1,2,,,,,,96000,,,,,,Talla,L,,,
H31216XL,variable,,BLUSA MONSTER XL,1,1,visible,,,taxable,parent,1,2,,,,,,96000,,,,,,Talla,XL,,,
H31216XXL,variable,,BLUSA MONSTER XXL,1,1,visible,,,taxable,parent,1,2,,,,,,96000,,,,,,Talla,XXL,,,
H31221,variable,,BLUSA SPACECAT ,1,1,visible,,"Nuestras BLUSAS viene con escote tipo U, 2 bolsillos frontales y aberturas a los lados que le brindan un mejor ajuste al cuerpo, sin cierre ya que al ser licrado no es necesario y te brinda más comodidad.

Están fabricados en telas de última tecnología como lo es el
Antifluido stretch con elongación bidireccional, posee una composición de 88%
poliéster - 12% Lycra, que además de brindar frescura y protección te da
libertad de movimiento.

El proceso de diseño es realizado
por sublimación digital de alta calidad, para que los colores sean vivos y
duraderos
",taxable,parent,0,,,,,,,96000,BLUSA ESTAMPADA,,,"SPACECAT 1.jpg, SPACECAT 2.jpg, SPACECAT 3.jpg, SPACECAT 4.jpg",,Talla,"XS, S, M, L, XL, XXL",1,1,M
H31221XS,variable,,BLUSA SPACECAT XS,1,1,visible,,,taxable,parent,1,2,,,,,,96000,,,,,,Talla,XS,,,
H31221S,variable,,BLUSA SPACECAT S,1,1,visible,,,taxable,parent,1,2,,,,,,96000,,,,,,Talla,S,,,
H31221M,variable,,BLUSA SPACECAT M,1,1,visible,,,taxable,parent,1,2,,,,,,96000,,,,,,Talla,M,,,
H31221L,variable,,BLUSA SPACECAT L,1,1,visible,,,taxable,parent,1,2,,,,,,96000,,,,,,Talla,L,,,
H31221XL,variable,,BLUSA SPACECAT XL,1,1,visible,,,taxable,parent,1,2,,,,,,96000,,,,,,Talla,XL,,,
H31221XXL,variable,,BLUSA SPACECAT XXL,1,1,visible,,,taxable,parent,1,2,,,,,,96000,,,,,,Talla,XXL,,,
H31224,variable,,BLUSA LOL ,1,1,visible,,"Nuestras BLUSAS viene con escote tipo U, 2 bolsillos frontales y aberturas a los lados que le brindan un mejor ajuste al cuerpo, sin cierre ya que al ser licrado no es necesario y te brinda más comodidad.

Están fabricados en telas de última tecnología como lo es el
Antifluido stretch con elongación bidireccional, posee una composición de 88%
poliéster - 12% Lycra, que además de brindar frescura y protección te da
libertad de movimiento.

El proceso de diseño es realizado
por sublimación digital de alta calidad, para que los colores sean vivos y
duraderos
",taxable,parent,0,,,,,,,96000,BLUSA ESTAMPADA,,,"LOL 1.jpg, LOL 2.jpg, LOL 3.jpg",,Talla,"XS, S, M, L, XL, XXL",1,1,M
H31224XS,variable,,BLUSA LOL XS,1,1,visible,,,taxable,parent,1,2,,,,,,96000,,,,,,Talla,XS,,,
H31224S,variable,,BLUSA LOL S,1,1,visible,,,taxable,parent,1,2,,,,,,96000,,,,,,Talla,S,,,
H31224M,variable,,BLUSA LOL M,1,1,visible,,,taxable,parent,1,2,,,,,,96000,,,,,,Talla,M,,,
H31224L,variable,,BLUSA LOL L,1,1,visible,,,taxable,parent,1,2,,,,,,96000,,,,,,Talla,L,,,
H31224XL,variable,,BLUSA LOL XL,1,1,visible,,,taxable,parent,1,2,,,,,,96000,,,,,,Talla,XL,,,
H31224XXL,variable,,BLUSA LOL XXL,1,1,visible,,,taxable,parent,1,2,,,,,,96000,,,,,,Talla,XXL,,,
H31248,variable,,BLUSA RAINBOW ,1,1,visible,,"Nuestras BLUSAS viene con escote tipo U, 2 bolsillos frontales y aberturas a los lados que le brindan un mejor ajuste al cuerpo, sin cierre ya que al ser licrado no es necesario y te brinda más comodidad.

Están fabricados en telas de última tecnología como lo es el
Antifluido stretch con elongación bidireccional, posee una composición de 88%
poliéster - 12% Lycra, que además de brindar frescura y protección te da
libertad de movimiento.

El proceso de diseño es realizado
por sublimación digital de alta calidad, para que los colores sean vivos y
duraderos
",taxable,parent,0,,,,,,,96000,BLUSA ESTAMPADA,,,RAINBOW.jpg,,Talla,"XS, S, M, L, XL, XXL",1,1,M
H31248XS,variable,,BLUSA RAINBOW (XS),1,1,visible,,,taxable,parent,1,2,,,,,,96000,,,,,,Talla,XS,,,
H31248S,variable,,BLUSA RAINBOW (S),1,1,visible,,,taxable,parent,1,2,,,,,,96000,,,,,,Talla,S,,,
H31248M,variable,,BLUSA RAINBOW (M),1,1,visible,,,taxable,parent,1,2,,,,,,96000,,,,,,Talla,M,,,
H31248L,variable,,BLUSA RAINBOW (L),1,1,visible,,,taxable,parent,1,2,,,,,,96000,,,,,,Talla,L,,,
H31248XL,variable,,BLUSA RAINBOW (XL),1,1,visible,,,taxable,parent,1,2,,,,,,96000,,,,,,Talla,XL,,,
H31248XXL,variable,,BLUSA RAINBOW (XXL),1,1,visible,,,taxable,parent,1,2,,,,,,96000,,,,,,Talla,XXL,,,
H31251,variable,,BLUSA AVOCADO ,1,1,visible,,"Nuestras BLUSAS viene con escote tipo U, 2 bolsillos frontales y aberturas a los lados que le brindan un mejor ajuste al cuerpo, sin cierre ya que al ser licrado no es necesario y te brinda más comodidad.

Están fabricados en telas de última tecnología como lo es el
Antifluido stretch con elongación bidireccional, posee una composición de 88%
poliéster - 12% Lycra, que además de brindar frescura y protección te da
libertad de movimiento.

El proceso de diseño es realizado
por sublimación digital de alta calidad, para que los colores sean vivos y
duraderos
",taxable,parent,0,,,,,,,96000,BLUSA ESTAMPADA,,,AVOCADO.jpg,,Talla,"XS, S, M, L, XL, XXL",1,1,M
H31251XS,variable,,BLUSA AVOCADO (XS),1,1,visible,,,taxable,parent,1,2,,,,,,96000,,,,,,Talla,XS,,,
H31251S,variable,,BLUSA AVOCADO (S),1,1,visible,,,taxable,parent,1,2,,,,,,96000,,,,,,Talla,S,,,
H31251M,variable,,BLUSA AVOCADO (M),1,1,visible,,,taxable,parent,1,2,,,,,,96000,,,,,,Talla,M,,,
H31251L,variable,,BLUSA AVOCADO (L),1,1,visible,,,taxable,parent,1,2,,,,,,96000,,,,,,Talla,L,,,
H31251XL,variable,,BLUSA AVOCADO (XL),1,1,visible,,,taxable,parent,1,2,,,,,,96000,,,,,,Talla,XL,,,
H31251XXL,variable,,BLUSA AVOCADO (XXL),1,1,visible,,,taxable,parent,1,2,,,,,,96000,,,,,,Talla,XXL,,,
H31244,variable,,BLUSA SMALLBOX ,1,1,visible,,"Nuestras BLUSAS viene con escote tipo U, 2 bolsillos frontales y aberturas a los lados que le brindan un mejor ajuste al cuerpo, sin cierre ya que al ser licrado no es necesario y te brinda más comodidad.

Están fabricados en telas de última tecnología como lo es el
Antifluido stretch con elongación bidireccional, posee una composición de 88%
poliéster - 12% Lycra, que además de brindar frescura y protección te da
libertad de movimiento.

El proceso de diseño es realizado
por sublimación digital de alta calidad, para que los colores sean vivos y
duraderos
",taxable,parent,0,,,,,,,96000,BLUSA ESTAMPADA,,,SMALLBOX.jpg,,Talla,"XS, S, M, L, XL, XXL",1,1,M
H31244XS,variable,,BLUSA SMALLBOX (XS),1,1,visible,,,taxable,parent,1,6,,,,,,96000,,,,,,Talla,XS,,,
H31244S,variable,,BLUSA SMALLBOX (S),1,1,visible,,,taxable,parent,1,6,,,,,,96000,,,,,,Talla,S,,,
H31244M,variable,,BLUSA SMALLBOX (M),1,1,visible,,,taxable,parent,1,6,,,,,,96000,,,,,,Talla,M,,,
H31244L,variable,,BLUSA SMALLBOX (L),1,1,visible,,,taxable,parent,1,6,,,,,,96000,,,,,,Talla,L,,,
H31244XL,variable,,BLUSA SMALLBOX (XL),1,1,visible,,,taxable,parent,1,6,,,,,,96000,,,,,,Talla,XL,,,
H31244XXL,variable,,BLUSA SMALLBOX (XXL),1,1,visible,,,taxable,parent,1,6,,,,,,96000,,,,,,Talla,XXL,,,
H31252,variable,,BLUSA GLOBE ,1,1,visible,,"Nuestras BLUSAS viene con escote tipo U, 2 bolsillos frontales y aberturas a los lados que le brindan un mejor ajuste al cuerpo, sin cierre ya que al ser licrado no es necesario y te brinda más comodidad.

Están fabricados en telas de última tecnología como lo es el
Antifluido stretch con elongación bidireccional, posee una composición de 88%
poliéster - 12% Lycra, que además de brindar frescura y protección te da
libertad de movimiento.

El proceso de diseño es realizado
por sublimación digital de alta calidad, para que los colores sean vivos y
duraderos
",taxable,parent,0,,,,,,,96000,BLUSA ESTAMPADA,,,GLOBE.jpg,,Talla,"XS, S, M, L, XL, XXL",1,1,M
H31252XS,variable,,BLUSA GLOBE (XS),1,1,visible,,,taxable,parent,1,6,,,,,,96000,,,,,,Talla,XS,,,
H31252S,variable,,BLUSA GLOBE (S),1,1,visible,,,taxable,parent,1,6,,,,,,96000,,,,,,Talla,S,,,
H31252M,variable,,BLUSA GLOBE (M),1,1,visible,,,taxable,parent,1,6,,,,,,96000,,,,,,Talla,M,,,
H31252L,variable,,BLUSA GLOBE (L),1,1,visible,,,taxable,parent,1,6,,,,,,96000,,,,,,Talla,L,,,
H31252XL,variable,,BLUSA GLOBE (XL),1,1,visible,,,taxable,parent,1,6,,,,,,96000,,,,,,Talla,XL,,,
H31252XXL,variable,,BLUSA GLOBE (XXL),1,1,visible,,,taxable,parent,1,6,,,,,,96000,,,,,,Talla,XXL,,,
H31249,variable,,BLUSA ALIEN ,1,1,visible,,"Nuestras BLUSAS viene con escote tipo U, 2 bolsillos frontales y aberturas a los lados que le brindan un mejor ajuste al cuerpo, sin cierre ya que al ser licrado no es necesario y te brinda más comodidad.

Están fabricados en telas de última tecnología como lo es el
Antifluido stretch con elongación bidireccional, posee una composición de 88%
poliéster - 12% Lycra, que además de brindar frescura y protección te da
libertad de movimiento.

El proceso de diseño es realizado
por sublimación digital de alta calidad, para que los colores sean vivos y
duraderos
",taxable,parent,0,,,,,,,96000,BLUSA ESTAMPADA,,,ALIEN.jpg,,Talla,"XS, S, M, L, XL, XXL",1,1,M
H31249XS,variable,,BLUSA ALIEN (XS),1,1,visible,,,taxable,parent,1,6,,,,,,96000,,,,,,Talla,XS,,,
H31249S,variable,,BLUSA ALIEN (S),1,1,visible,,,taxable,parent,1,6,,,,,,96000,,,,,,Talla,S,,,
H31249M,variable,,BLUSA ALIEN (M),1,1,visible,,,taxable,parent,1,6,,,,,,96000,,,,,,Talla,M,,,
H31249L,variable,,BLUSA ALIEN (L),1,1,visible,,,taxable,parent,1,6,,,,,,96000,,,,,,Talla,L,,,
H31249XL,variable,,BLUSA ALIEN (XL),1,1,visible,,,taxable,parent,1,6,,,,,,96000,,,,,,Talla,XL,,,
H31249XXL,variable,,BLUSA ALIEN (XXL),1,1,visible,,,taxable,parent,1,6,,,,,,96000,,,,,,Talla,XXL,,,
H31246,variable,,BLUSA OCTOPUS ,1,1,visible,,"Nuestras BLUSAS viene con escote tipo U, 2 bolsillos frontales y aberturas a los lados que le brindan un mejor ajuste al cuerpo, sin cierre ya que al ser licrado no es necesario y te brinda más comodidad.

Están fabricados en telas de última tecnología como lo es el
Antifluido stretch con elongación bidireccional, posee una composición de 88%
poliéster - 12% Lycra, que además de brindar frescura y protección te da
libertad de movimiento.

El proceso de diseño es realizado
por sublimación digital de alta calidad, para que los colores sean vivos y
duraderos
",taxable,parent,0,,,,,,,96000,BLUSA ESTAMPADA,,,OCTOPUS.jpg,,Talla,"XS, S, M, L, XL, XXL",1,1,M
H31246XS,variable,,BLUSA OCTOPUS (XS),1,1,visible,,,taxable,parent,1,6,,,,,,96000,,,,,,Talla,XS,,,
H31246S,variable,,BLUSA OCTOPUS (S),1,1,visible,,,taxable,parent,1,6,,,,,,96000,,,,,,Talla,S,,,
H31246M,variable,,BLUSA OCTOPUS (M),1,1,visible,,,taxable,parent,1,6,,,,,,96000,,,,,,Talla,M,,,
H31246L,variable,,BLUSA OCTOPUS (L),1,1,visible,,,taxable,parent,1,6,,,,,,96000,,,,,,Talla,L,,,
H31246XL,variable,,BLUSA OCTOPUS (XL),1,1,visible,,,taxable,parent,1,6,,,,,,96000,,,,,,Talla,XL,,,
H31246XXL,variable,,BLUSA OCTOPUS (XXL),1,1,visible,,,taxable,parent,1,6,,,,,,96000,,,,,,Talla,XXL,,,
H31250,variable,,BLUSA FLOWER ,1,1,visible,,"Nuestras BLUSAS viene con escote tipo U, 2 bolsillos frontales y aberturas a los lados que le brindan un mejor ajuste al cuerpo, sin cierre ya que al ser licrado no es necesario y te brinda más comodidad.

Están fabricados en telas de última tecnología como lo es el
Antifluido stretch con elongación bidireccional, posee una composición de 88%
poliéster - 12% Lycra, que además de brindar frescura y protección te da
libertad de movimiento.

El proceso de diseño es realizado
por sublimación digital de alta calidad, para que los colores sean vivos y
duraderos
",taxable,parent,0,,,,,,,96000,BLUSA ESTAMPADA,,,FLOWER.jpg,,Talla,"XS, S, M, L, XL, XXL",1,1,M
H31250XS,variable,,BLUSA FLOWER (XS),1,1,visible,,,taxable,parent,1,6,,,,,,96000,,,,,,Talla,XS,,,
H31250S,variable,,BLUSA FLOWER (S),1,1,visible,,,taxable,parent,1,6,,,,,,96000,,,,,,Talla,S,,,
H31250M,variable,,BLUSA FLOWER (M),1,1,visible,,,taxable,parent,1,6,,,,,,96000,,,,,,Talla,M,,,
H31250L,variable,,BLUSA FLOWER (L),1,1,visible,,,taxable,parent,1,6,,,,,,96000,,,,,,Talla,L,,,
H31250XL,variable,,BLUSA FLOWER (XL),1,1,visible,,,taxable,parent,1,6,,,,,,96000,,,,,,Talla,XL,,,
H31250XXL,variable,,BLUSA FLOWER (XXL),1,1,visible,,,taxable,parent,1,6,,,,,,96000,,,,,,Talla,XXL,,,
H31247,variable,,BLUSA COOKIES ,1,1,visible,,"Nuestras BLUSAS viene con escote tipo U, 2 bolsillos frontales y aberturas a los lados que le brindan un mejor ajuste al cuerpo, sin cierre ya que al ser licrado no es necesario y te brinda más comodidad.

Están fabricados en telas de última tecnología como lo es el
Antifluido stretch con elongación bidireccional, posee una composición de 88%
poliéster - 12% Lycra, que además de brindar frescura y protección te da
libertad de movimiento.

El proceso de diseño es realizado
por sublimación digital de alta calidad, para que los colores sean vivos y
duraderos
",taxable,parent,0,,,,,,,96000,BLUSA ESTAMPADA,,,COOKIES.jpg,,Talla,"XS, S, M, L, XL, XXL",1,1,M
H31247XS,variable,,BLUSA COOKIES (XS),1,1,visible,,,taxable,parent,1,6,,,,,,96000,,,,,,Talla,XS,,,
H31247S,variable,,BLUSA COOKIES (S),1,1,visible,,,taxable,parent,1,6,,,,,,96000,,,,,,Talla,S,,,
H31247M,variable,,BLUSA COOKIES (M),1,1,visible,,,taxable,parent,1,6,,,,,,96000,,,,,,Talla,M,,,
H31247L,variable,,BLUSA COOKIES (L),1,1,visible,,,taxable,parent,1,6,,,,,,96000,,,,,,Talla,L,,,
H31247XL,variable,,BLUSA COOKIES (XL),1,1,visible,,,taxable,parent,1,6,,,,,,96000,,,,,,Talla,XL,,,
H31247XXL,variable,,BLUSA COOKIES (XXL),1,1,visible,,,taxable,parent,1,6,,,,,,96000,,,,,,Talla,XXL,,,
H31245,variable,,BLUSA REDLOVE ,1,1,visible,,"Nuestras BLUSAS viene con escote tipo U, 2 bolsillos frontales y aberturas a los lados que le brindan un mejor ajuste al cuerpo, sin cierre ya que al ser licrado no es necesario y te brinda más comodidad.

Están fabricados en telas de última tecnología como lo es el
Antifluido stretch con elongación bidireccional, posee una composición de 88%
poliéster - 12% Lycra, que además de brindar frescura y protección te da
libertad de movimiento.

El proceso de diseño es realizado
por sublimación digital de alta calidad, para que los colores sean vivos y
duraderos
",taxable,parent,0,,,,,,,96000,BLUSA ESTAMPADA,,,REDLOVE.jpg,,Talla,"XS, S, M, L, XL, XXL",1,1,M
H31245XS,variable,,BLUSA REDLOVE (XS),1,1,visible,,,taxable,parent,1,2,,,,,,96000,,,,,,Talla,XS,,,
H31245S,variable,,BLUSA REDLOVE (S),1,1,visible,,,taxable,parent,1,2,,,,,,96000,,,,,,Talla,S,,,
H31245M,variable,,BLUSA REDLOVE (M),1,1,visible,,,taxable,parent,1,2,,,,,,96000,,,,,,Talla,M,,,
H31245L,variable,,BLUSA REDLOVE (L),1,1,visible,,,taxable,parent,1,2,,,,,,96000,,,,,,Talla,L,,,
H31245XL,variable,,BLUSA REDLOVE (XL),1,1,visible,,,taxable,parent,1,2,,,,,,96000,,,,,,Talla,XL,,,
H31245XXL,variable,,BLUSA REDLOVE (XXL),1,1,visible,,,taxable,parent,1,2,,,,,,96000,,,,,,Talla,XXL,,,
H31243,variable,,BLUSA FACECAT ,1,1,visible,,"Nuestras BLUSAS viene con escote tipo U, 2 bolsillos frontales y aberturas a los lados que le brindan un mejor ajuste al cuerpo, sin cierre ya que al ser licrado no es necesario y te brinda más comodidad.

Están fabricados en telas de última tecnología como lo es el
Antifluido stretch con elongación bidireccional, posee una composición de 88%
poliéster - 12% Lycra, que además de brindar frescura y protección te da
libertad de movimiento.

El proceso de diseño es realizado por sublimación digital de alta calidad, para que los colores sean vivos y
duraderos
",taxable,parent,0,,,,,,,96000,BLUSA ESTAMPADA,,,FACECAT.jpg,,Talla,"XS, S, M, L, XL, XXL",1,1,M
H31243XS,variable,,BLUSA FACECAT (XS),1,1,visible,,,taxable,parent,1,6,,,,,,96000,,,,,,Talla,XS,,,
H31243S,variable,,BLUSA FACECAT (S),1,1,visible,,,taxable,parent,1,6,,,,,,96000,,,,,,Talla,S,,,
H31243M,variable,,BLUSA FACECAT (M),1,1,visible,,,taxable,parent,1,6,,,,,,96000,,,,,,Talla,M,,,
H31243L,variable,,BLUSA FACECAT (L),1,1,visible,,,taxable,parent,1,6,,,,,,96000,,,,,,Talla,L,,,
H31243XL,variable,,BLUSA FACECAT (XL),1,1,visible,,,taxable,parent,1,6,,,,,,96000,,,,,,Talla,XL,,,
H31243XXL,variable,,BLUSA FACECAT (XXL),1,1,visible,,,taxable,parent,1,6,,,,,,96000,,,,,,Talla,XXL,,,
H31236,variable,,BLUSA CRAZY ,1,1,visible,,"Nuestras BLUSAS viene con escote tipo U, 2 bolsillos frontales y aberturas a los lados que le brindan un mejor ajuste al cuerpo, sin cierre ya que al ser licrado no es necesario y te brinda más comodidad.

Están fabricados en telas de última tecnología como lo es el
Antifluido stretch con elongación bidireccional, posee una composición de 88%
poliéster - 12% Lycra, que además de brindar frescura y protección te da
libertad de movimiento.

El proceso de diseño es realizado por sublimación digital de alta calidad, para que los colores sean vivos y
duraderos",taxable,parent,0,,,,,,,96000,BLUSA ESTAMPADA,,,CRAZY.jpg,,Talla,"XS, S, M, L, XL, XXL",1,1,M
H31236XS,variable,,BLUSA CRAZY (XS),1,1,visible,,,taxable,parent,1,2,,,,,,96000,,,,,,Talla,XS,,,
H31236S,variable,,BLUSA CRAZY (S),1,1,visible,,,taxable,parent,1,2,,,,,,96000,,,,,,Talla,S,,,
H31236M,variable,,BLUSA CRAZY (M),1,1,visible,,,taxable,parent,1,2,,,,,,96000,,,,,,Talla,M,,,
H31236L,variable,,BLUSA CRAZY (L),1,1,visible,,,taxable,parent,1,2,,,,,,96000,,,,,,Talla,L,,,
H31236XL,variable,,BLUSA CRAZY (XL),1,1,visible,,,taxable,parent,1,2,,,,,,96000,,,,,,Talla,XL,,,
H31236XXL,variable,,BLUSA CRAZY (XXL),1,1,visible,,,taxable,parent,1,2,,,,,,96000,,,,,,Talla,XXL,,,
H31237,variable,,BLUSA VIRUS ,1,1,visible,,"Nuestras BLUSAS viene con escote tipo U, 2 bolsillos frontales y aberturas a los lados que le brindan un mejor ajuste al cuerpo, sin cierre ya que al ser licrado no es necesario y te brinda más comodidad.

Están fabricados en telas de última tecnología como lo es el
Antifluido stretch con elongación bidireccional, posee una composición de 88%
poliéster - 12% Lycra, que además de brindar frescura y protección te da
libertad de movimiento.

El proceso de diseño es realizado por sublimación digital de alta calidad, para que los colores sean vivos y
duraderos",taxable,parent,0,,,,,,,96000,BLUSA ESTAMPADA,,,"VIRUS 1.jpg, virus 2.jpg, virus 3.jpg, virus 4.jpg, virus 5. Jpg, virus 6.jpg",,Talla,"XS, S, M, L, XL, XXL",1,1,M
H31237XS,variable,,BLUSA VIRUS (XS),1,1,visible,,,taxable,parent,1,2,,,,,,96000,,,,,,Talla,XS,,,
H31237S,variable,,BLUSA VIRUS (S),1,1,visible,,,taxable,parent,1,2,,,,,,96000,,,,,,Talla,S,,,
H31237M,variable,,BLUSA VIRUS (M),1,1,visible,,,taxable,parent,1,2,,,,,,96000,,,,,,Talla,M,,,
H31237L,variable,,BLUSA VIRUS (L),1,1,visible,,,taxable,parent,1,2,,,,,,96000,,,,,,Talla,L,,,
H31237XL,variable,,BLUSA VIRUS (XL),1,1,visible,,,taxable,parent,1,2,,,,,,96000,,,,,,Talla,XL,,,
H31237XXL,variable,,BLUSA VIRUS (XXL),1,1,visible,,,taxable,parent,1,2,,,,,,96000,,,,,,Talla,XXL,,,
H31240,variable,,BLUSA HEART ,1,0,visible,,"Nuestras BLUSAS viene con escote tipo U, 2 bolsillos frontales y aberturas a los lados que le brindan un mejor ajuste al cuerpo, sin cierre ya que al ser licrado no es necesario y te brinda más comodidad.

Están fabricados en telas de última tecnología como lo es el
Antifluido stretch con elongación bidireccional, posee una composición de 88%
poliéster - 12% Lycra, que además de brindar frescura y protección te da
libertad de movimiento.

El proceso de diseño es realizado por sublimación digital de alta calidad, para que los colores sean vivos y
duraderos",taxable,parent,0,,,,,,,96000,BLUSA ESTAMPADA,,,Heart. Jpg,,Talla,"XS, XL",1,1,XS
H31240XS,variable,,BLUSA HEART (XS),1,0,visible,,,taxable,parent,1,2,,,,,,96000,,,,,,Talla,XS,,,
H31240XL,variable,,BLUSA HEART (XL),1,0,visible,,,taxable,parent,1,2,,,,,,96000,,,,,,Talla,XL,,,
H31239,variable,,BLUSA SUPER ,1,0,visible,,"Nuestras BLUSAS viene con escote tipo U, 2 bolsillos frontales y aberturas a los lados que le brindan un mejor ajuste al cuerpo, sin cierre ya que al ser licrado no es necesario y te brinda más comodidad.

Están fabricados en telas de última tecnología como lo es el
Antifluido stretch con elongación bidireccional, posee una composición de 88%
poliéster - 12% Lycra, que además de brindar frescura y protección te da
libertad de movimiento.

El proceso de diseño es realizado por sublimación digital de alta calidad, para que los colores sean vivos y
duraderos",taxable,parent,0,,,,,,,96000,BLUSA ESTAMPADA,,,"Super 1.jpg, super 2. Jpg, super 3. jpg",,Talla,"XS, S, XL",1,1,XS
H31239XS,variable,,BLUSA SUPER (XS),1,0,visible,,,taxable,parent,1,2,,,,,,96000,,,,,,Talla,XS,,,
H31239S,variable,,BLUSA SUPER (S),1,0,visible,,,taxable,parent,1,2,,,,,,96000,,,,,,Talla,S,,,
H31239XL,variable,,BLUSA SUPER (XL),1,0,visible,,,taxable,parent,1,2,,,,,,96000,,,,,,Talla,XL,,,
H31241,variable,,BLUSA STARS ,1,0,visible,,"Nuestras BLUSAS viene con escote tipo U, 2 bolsillos frontales y aberturas a los lados que le brindan un mejor ajuste al cuerpo, sin cierre ya que al ser licrado no es necesario y te brinda más comodidad.

Están fabricados en telas de última tecnología como lo es el
Antifluido stretch con elongación bidireccional, posee una composición de 88%
poliéster - 12% Lycra, que además de brindar frescura y protección te da
libertad de movimiento.

El proceso de diseño es realizado por sublimación digital de alta calidad, para que los colores sean vivos y
duraderos",taxable,parent,0,,,,,,,96000,,,,"Stars 1.jpg, stars 2.jpg, stars 3.jpg",,Talla,"XS, XXL",1,1,XS
H31241XS,variable,,BLUSA STARS (XS),1,0,visible,,,taxable,parent,1,2,,,,,,96000,,,,,,Talla,XS,,,
H31241XXL,variable,,BLUSA STARS (XXL),1,0,visible,,,taxable,parent,1,2,,,,,,96000,,,,,,Talla,XXL,,,
H31238,variable,,BLUSA EMOTICONS ,1,0,visible,,"Nuestras BLUSAS viene con escote tipo U, 2 bolsillos frontales y aberturas a los lados que le brindan un mejor ajuste al cuerpo, sin cierre ya que al ser licrado no es necesario y te brinda más comodidad.

Están fabricados en telas de última tecnología como lo es el
Antifluido stretch con elongación bidireccional, posee una composición de 88%
poliéster - 12% Lycra, que además de brindar frescura y protección te da
libertad de movimiento.

El proceso de diseño es realizado por sublimación digital de alta calidad, para que los colores sean vivos y
duraderos",taxable,parent,0,,,,,,,96000,BLUSA ESTAMPADA,,,"Emoticons 1.jpg, emoticons 2.jpg",,Talla,"XS, S, M,  XL",1,1,M
H31238XS,variable,,BLUSA EMOTICONS (XS),1,0,visible,,,taxable,parent,1,2,,,,,,96000,,,,,,Talla,XS,,,
H31238S,variable,,BLUSA EMOTICONS (S),1,0,visible,,,taxable,parent,1,2,,,,,,96000,,,,,,Talla,S,,,
H31238M,variable,,BLUSA EMOTICONS (M),1,0,visible,,,taxable,parent,1,2,,,,,,96000,,,,,,Talla,M,,,
H31238XL,variable,,BLUSA EMOTICONS (XL),1,0,visible,,,taxable,parent,1,2,,,,,,96000,,,,,,Talla,XL,,,
H31235,variable,,BLUSA FLYPETS ,1,0,visible,,"Nuestras BLUSAS viene con escote tipo U, 2 bolsillos frontales y aberturas a los lados que le brindan un mejor ajuste al cuerpo, sin cierre ya que al ser licrado no es necesario y te brinda más comodidad.

Están fabricados en telas de última tecnología como lo es el
Antifluido stretch con elongación bidireccional, posee una composición de 88%
poliéster - 12% Lycra, que además de brindar frescura y protección te da
libertad de movimiento.

El proceso de diseño es realizado por sublimación digital de alta calidad, para que los colores sean vivos y
duraderos",taxable,parent,0,,,,,,,96000,BLUSA ESTAMPADA,,,"Flypets 1.jpg, flypets 2.jpg, flypets 3.jpg",,Talla,"XS, S,  XL",1,1,XS
H31235XS,variable,,BLUSA FLYPETS (XS),1,0,visible,,,taxable,parent,1,2,,,,,,96000,,,,,,Talla,XS,,,
H31235S,variable,,BLUSA FLYPETS (S),1,0,visible,,,taxable,parent,1,2,,,,,,96000,,,,,,Talla,S,,,
H31235XL,variable,,BLUSA FLYPETS (XL),1,0,visible,,,taxable,parent,1,2,,,,,,96000,,,,,,Talla,XL,,,
H23501,variable,,PANTALON NEGRO NOVA,1,0,visible,,"Nuestros PANTALONES son tipo cargo con 4 bolsillos, elástico semiexpuesto, ajuste por cordón interno y abertura en la bota para mejorar la caída con el calzado.

Están fabricados en telas de última tecnología como lo es el
Antifluido stretch con elongación bidireccional, posee una composición de 88%
poliéster - 12% Lycra, que además de brindar frescura y protección te da
libertad de movimiento.
",taxable,parent,0,,,,,,20%,65000,PANTALÓN UNICOLOR,,,"Pantalón negro 1, pantalón negro 2, pantalón negro 3",,Talla,"XS, S, M, L, XL, XXL",1,1,M
H23501XS,variable,,PANTALON NEGRO NOVA XS,1,0,visible,,,taxable,parent,1,10,,,,,20%,65000,,,,,,Talla,XS,,,
H23501S,variable,,PANTALON NEGRO NOVA S,1,0,visible,,,taxable,parent,1,10,,,,,20%,65000,,,,,,Talla,S,,,
H23501M,variable,,PANTALON NEGRO NOVA M,1,0,visible,,,taxable,parent,1,10,,,,,20%,65000,,,,,,Talla,M,,,
H23501L,variable,,PANTALON NEGRO NOVA L,1,0,visible,,,taxable,parent,1,10,,,,,20%,65000,,,,,,Talla,L,,,
H23501XL,variable,,PANTALON NEGRO NOVA XL,1,0,visible,,,taxable,parent,1,10,,,,,20%,65000,,,,,,Talla,XL,,,
H23501XXL,variable,,PANTALON NEGRO NOVA XXL,1,0,visible,,,taxable,parent,1,10,,,,,20%,65000,,,,,,Talla,XXL,,,
H23504,variable,,PANTALON AZUL O NOVA ,1,0,visible,,"Nuestros PANTALONES son tipo cargo con 4 bolsillos, elástico semiexpuesto, ajuste por cordón interno y abertura en la bota para mejorar la caída con el calzado.

Están fabricados en telas de última tecnología como lo es el
Antifluido stretch con elongación bidireccional, posee una composición de 88%
poliéster - 12% Lycra, que además de brindar frescura y protección te da
libertad de movimiento.
",taxable,parent,0,,,,,,,65000,PANTALÓN UNICOLOR,,,"Pantalón azul o 1, pantalón azul o 2",,Talla,"XS, S, M, L, XL, XXL",1,1,M
H23504XS,variable,,PANTALON AZUL O NOVA XS,1,0,visible,,,taxable,parent,1,10,,,,,20%,65000,,,,,,Talla,XS,,,
H23504S,variable,,PANTALON AZUL O NOVA S,1,0,visible,,,taxable,parent,1,10,,,,,20%,65000,,,,,,Talla,S,,,
H23504M,variable,,PANTALON AZUL O NOVA M,1,0,visible,,,taxable,parent,1,10,,,,,20%,65000,,,,,,Talla,M,,,
H23504L,variable,,PANTALON AZUL O NOVA L,1,0,visible,,,taxable,parent,1,10,,,,,20%,65000,,,,,,Talla,L,,,
H23504XL,variable,,PANTALON AZUL O NOVA XL,1,0,visible,,,taxable,parent,1,10,,,,,20%,65000,,,,,,Talla,XL,,,
H23504XXL,variable,,PANTALON AZUL O NOVA XXL,1,0,visible,,,taxable,parent,1,10,,,,,20%,65000,,,,,,Talla,XXL,,,
H23502,variable,,PANTALON GRIS O NOVA ,1,0,visible,,"Nuestros PANTALONES son tipo cargo con 4 bolsillos, elástico semiexpuesto, ajuste por cordón interno y abertura en la bota para mejorar la caída con el calzado.

Están fabricados en telas de última tecnología como lo es el
Antifluido stretch con elongación bidireccional, posee una composición de 88%
poliéster - 12% Lycra, que además de brindar frescura y protección te da
libertad de movimiento.
",taxable,parent,0,,,,,,,65000,PANTALÓN UNICOLOR,,,"Pantalón gris o 1, pantalón gris o 2, pantalón gris o 3, pantalón gris o 4",,Talla,"XS, S, M, L, XL, XXL",1,1,M
H23502XS,variable,,PANTALON GRIS O NOVA XS,1,0,visible,,,taxable,parent,1,10,,,,,20%,65000,,,,,,Talla,XS,,,
H23502S,variable,,PANTALON GRIS O NOVA S,1,0,visible,,,taxable,parent,1,10,,,,,20%,65000,,,,,,Talla,S,,,
H23502M,variable,,PANTALON GRIS O NOVA M,1,0,visible,,,taxable,parent,1,10,,,,,20%,65000,,,,,,Talla,M,,,
H23502L,variable,,PANTALON GRIS O NOVA L,1,0,visible,,,taxable,parent,1,10,,,,,20%,65000,,,,,,Talla,L,,,
H23502XL,variable,,PANTALON GRIS O NOVA XL,1,0,visible,,,taxable,parent,1,10,,,,,20%,65000,,,,,,Talla,XL,,,
H23502XXL,variable,,PANTALON GRIS O NOVA XXL,1,0,visible,,,taxable,parent,1,10,,,,,20%,65000,,,,,,Talla,XXL,,,
H23505,variable,,PANTALON FUCSIA NOVA ,1,0,visible,,"Nuestros PANTALONES son tipo cargo con 4 bolsillos, elástico semiexpuesto, ajuste por cordón interno y abertura en la bota para mejorar la caída con el calzado.

Están fabricados en telas de última tecnología como lo es el
Antifluido stretch con elongación bidireccional, posee una composición de 88%
poliéster - 12% Lycra, que además de brindar frescura y protección te da
libertad de movimiento.
",taxable,parent,0,,,,,,,65000,PANTALÓN UNICOLOR,,,"Pantalón fucsia 1, pantalón fucsia 2, pantalón fucsia 3, pantalón fucsia 4",,Talla,"XS, S, M, L, XL, XXL",1,1,M
H23505XS,variable,,PANTALON FUCSIA NOVA XS,1,0,visible,,,taxable,parent,1,10,,,,,20%,65000,,,,,,Talla,XS,,,
H23505S,variable,,PANTALON FUCSIA NOVA S,1,0,visible,,,taxable,parent,1,10,,,,,20%,65000,,,,,,Talla,S,,,
H23505M,variable,,PANTALON FUCSIA NOVA M,1,0,visible,,,taxable,parent,1,10,,,,,20%,65000,,,,,,Talla,M,,,
H23505L,variable,,PANTALON FUCSIA NOVA L,1,0,visible,,,taxable,parent,1,10,,,,,20%,65000,,,,,,Talla,L,,,
H23505XL,variable,,PANTALON FUCSIA NOVA XL,1,0,visible,,,taxable,parent,1,10,,,,,20%,65000,,,,,,Talla,XL,,,
H23505XXL,variable,,PANTALON FUCSIA NOVA XXL,1,0,visible,,,taxable,parent,1,10,,,,,20%,65000,,,,,,Talla,XXL,,,
H23511,variable,,PANTALON ROJO NOVA ,1,0,visible,,"Nuestros PANTALONES son tipo cargo con 4 bolsillos, elástico semiexpuesto, ajuste por cordón interno y abertura en la bota para mejorar la caída con el calzado.

Están fabricados en telas de última tecnología como lo es el
Antifluido stretch con elongación bidireccional, posee una composición de 88%
poliéster - 12% Lycra, que además de brindar frescura y protección te da
libertad de movimiento.
",taxable,parent,0,,,,,,,65000,PANTALÓN UNICOLOR,,,,,Talla,"XS, S, M, L, XL, XXL",1,1,M
H23511XS,variable,,PANTALON ROJO NOVA XS,1,0,visible,,,taxable,parent,1,10,,,,,20%,65000,,,,,,Talla,XS,,,
H23511S,variable,,PANTALON ROJO NOVA S,1,0,visible,,,taxable,parent,1,10,,,,,20%,65000,,,,,,Talla,S,,,
H23511M,variable,,PANTALON ROJO NOVA M,1,0,visible,,,taxable,parent,1,10,,,,,20%,65000,,,,,,Talla,M,,,
H23511L,variable,,PANTALON ROJO NOVA L,1,0,visible,,,taxable,parent,1,10,,,,,20%,65000,,,,,,Talla,L,,,
H23511XL,variable,,PANTALON ROJO NOVA XL,1,0,visible,,,taxable,parent,1,10,,,,,20%,65000,,,,,,Talla,XL,,,
H23511XXL,variable,,PANTALON ROJO NOVA XXL,1,0,visible,,,taxable,parent,1,10,,,,,20%,65000,,,,,,Talla,XXL,,,
H23512,variable,,PANTALON JADE NOVA ,1,0,visible,,"Nuestros PANTALONES son tipo cargo con 4 bolsillos, elástico semiexpuesto, ajuste por cordón interno y abertura en la bota para mejorar la caída con el calzado.

Están fabricados en telas de última tecnología como lo es el
Antifluido stretch con elongación bidireccional, posee una composición de 88%
poliéster - 12% Lycra, que además de brindar frescura y protección te da
libertad de movimiento.
",taxable,parent,0,,,,,,,65000,PANTALÓN UNICOLOR,,,,,Talla,"XS, S, M, L, XL, XXL",1,1,M
H23512XS,variable,,PANTALON JADE NOVA (XS),1,0,visible,,,taxable,parent,1,10,,,,,20%,65000,,,,,,Talla,XS,,,
H23512S,variable,,PANTALON JADE NOVA (S),1,0,visible,,,taxable,parent,1,10,,,,,20%,65000,,,,,,Talla,S,,,
H23512M,variable,,PANTALON JADE NOVA (M),1,0,visible,,,taxable,parent,1,10,,,,,20%,65000,,,,,,Talla,M,,,
H23512L,variable,,PANTALON JADE NOVA (L),1,0,visible,,,taxable,parent,1,10,,,,,20%,65000,,,,,,Talla,L,,,
H23512XL,variable,,PANTALON JADE NOVA (XL),1,0,visible,,,taxable,parent,1,10,,,,,20%,65000,,,,,,Talla,XL,,,
H23512XXL,variable,,PANTALON JADE NOVA (XXL),1,0,visible,,,taxable,parent,1,10,,,,,20%,65000,,,,,,Talla,XXL,,,
H23510,variable,,PANTALON VINO NOVA ,1,0,visible,,"Nuestros PANTALONES son tipo cargo con 4 bolsillos, elástico semiexpuesto, ajuste por cordón interno y abertura en la bota para mejorar la caída con el calzado.

Están fabricados en telas de última tecnología como lo es el
Antifluido stretch con elongación bidireccional, posee una composición de 88%
poliéster - 12% Lycra, que además de brindar frescura y protección te da
libertad de movimiento.
",taxable,parent,0,,,,,,,65000,PANTALÓN UNICOLOR,,,,,Talla,"XS, S, M, L, XL, XXL",1,1,M
H23510XS,variable,,PANTALON VINO NOVA XS,1,0,visible,,,taxable,parent,1,10,,,,,20%,65000,,,,,,Talla,XS,,,
H23510S,variable,,PANTALON VINO NOVA S,1,0,visible,,,taxable,parent,1,10,,,,,20%,65000,,,,,,Talla,S,,,
H23510M,variable,,PANTALON VINO NOVA M,1,0,visible,,,taxable,parent,1,10,,,,,20%,65000,,,,,,Talla,M,,,
H23510L,variable,,PANTALON VINO NOVA L,1,0,visible,,,taxable,parent,1,10,,,,,20%,65000,,,,,,Talla,L,,,
H23510XL,variable,,PANTALON VINO NOVA XL,1,0,visible,,,taxable,parent,1,10,,,,,20%,65000,,,,,,Talla,XL,,,
H23510XXL,variable,,PANTALON VINO NOVA XXL,1,0,visible,,,taxable,parent,1,10,,,,,20%,65000,,,,,,Talla,XXL,,,
HS407,variable,,SPORTFIT NEGRO ,1,1,visible,,"Blusa viene con escote tipo V, 2 bolsillos frontales y aberturas a los lados que le brindan un mejor ajuste al cuerpo, sin cierre ya que al ser licrado no es necesario y te brinda más comodidad.

Pantalón tipo jogger con elástico en la bota, con 2 bolsillos traseros y 2 laterales, cintura con elástico expuesto para ayor comodidad.
 
Están fabricados en telas de última tecnología como lo es el Antifluido stretch con elongación bidireccional y vivos en tela deportiva antimicrobial que además de brindar frescura y protección te da libertad de movimiento.

",taxable,parent,0,,,,,,,178000,UNIFORME SPORTFIT,,,"Sporfit negro 1, sporfit negro 2, sporfit negro 3, sporfit negro 4",,Talla,"XS, S, M, L, XL",1,1,M
HS407XS,variable,,SPORTFIT NEGRO XS,1,1,visible,,,taxable,parent,0,0,,,,,,178000,,,,,,Talla,XS,,,
HS407S,variable,,SPORTFIT NEGRO S,1,1,visible,,,taxable,parent,1,2,,,,,,178000,,,,,,Talla,S,,,
HS407M,variable,,SPORTFIT NEGRO M,1,1,visible,,,taxable,parent,1,4,,,,,,178000,,,,,,Talla,M,,,
HS407L,variable,,SPORTFIT NEGRO L,1,1,visible,,,taxable,parent,1,4,,,,,,178000,,,,,,Talla,L,,,
HS407XL,variable,,SPORTFIT NEGRO XL,1,1,visible,,,taxable,parent,1,2,,,,,,178000,,,,,,Talla,XL,,,
HS408,variable,,SPORTFIT AZUL O ,1,1,visible,,"Blusa viene con escote tipo V, 2 bolsillos frontales y aberturas a los lados que le brindan un mejor ajuste al cuerpo, sin cierre ya que al ser licrado no es necesario y te brinda más comodidad.

Pantalón tipo jogger con elástico en la bota, con 2 bolsillos traseros y 2 laterales, cintura con elástico expuesto para ayor comodidad.
 
Están fabricados en telas de última tecnología como lo es el Antifluido stretch con elongación bidireccional y vivos en tela deportiva antimicrobial que además de brindar frescura y protección te da libertad de movimiento.

",taxable,parent,0,,,,,,,178000,UNIFORME SPORTFIT,,,"Sporfit azul o 1, sporfit azul o 2, sporfit azul o 3, sporfit azul o 4",,Talla,"XS, S, M, L, XL",1,1,M
HS408XS,variable,,SPORTFIT AZUL O XS,1,1,visible,,,taxable,parent,1,1,,,,,,178000,,,,,,Talla,XS,,,
HS408S,variable,,SPORTFIT AZUL O S,1,1,visible,,,taxable,parent,1,4,,,,,,178000,,,,,,Talla,S,,,
HS408M,variable,,SPORTFIT AZUL O M,1,1,visible,,,taxable,parent,1,4,,,,,,178000,,,,,,Talla,M,,,
HS408L,variable,,SPORTFIT AZUL O L,1,1,visible,,,taxable,parent,1,4,,,,,,178000,,,,,,Talla,L,,,
HS408XL,variable,,SPORTFIT AZUL O XL,1,1,visible,,,taxable,parent,1,4,,,,,,178000,,,,,,Talla,XL,,,
HS409,variable,,SPORTFIT GRIS C ,1,1,visible,,"Blusa viene con escote tipo V, 2 bolsillos frontales y aberturas a los lados que le brindan un mejor ajuste al cuerpo, sin cierre ya que al ser licrado no es necesario y te brinda más comodidad.

Pantalón tipo jogger con elástico en la bota, con 2 bolsillos traseros y 2 laterales, cintura con elástico expuesto para ayor comodidad.
 
Están fabricados en telas de última tecnología como lo es el Antifluido stretch con elongación bidireccional y vivos en tela deportiva antimicrobial que además de brindar frescura y protección te da libertad de movimiento.

",taxable,parent,0,,,,,,,178000,UNIFORME SPORTFIT,,,"Sporfit gris 1, sporfit gris 2, sporfit gris 3, sporfit gris 4",,Talla,"XS, S, M, L, XL",1,1,M
HS409XS,variable,,SPORTFIT GRIS C XS,1,1,visible,,,taxable,parent,1,4,,,,,,178000,,,,,,Talla,XS,,,
HS409S,variable,,SPORTFIT GRIS C S,1,1,visible,,,taxable,parent,1,4,,,,,,178000,,,,,,Talla,S,,,
HS409M,variable,,SPORTFIT GRIS C M,1,1,visible,,,taxable,parent,1,4,,,,,,178000,,,,,,Talla,M,,,
HS409L,variable,,SPORTFIT GRIS C L,1,1,visible,,,taxable,parent,1,4,,,,,,178000,,,,,,Talla,L,,,
HS409XL,variable,,SPORTFIT GRIS C XL,1,1,visible,,,taxable,parent,1,4,,,,,,178000,,,,,,Talla,XL,,,
HS410,variable,,SPORTFIT VERDE A ,1,1,visible,,"Blusa viene con escote tipo V, 2 bolsillos frontales y aberturas a los lados que le brindan un mejor ajuste al cuerpo, sin cierre ya que al ser licrado no es necesario y te brinda más comodidad.

Pantalón tipo jogger con elástico en la bota, con 2 bolsillos traseros y 2 laterales, cintura con elástico expuesto para ayor comodidad.
 
Están fabricados en telas de última tecnología como lo es el Antifluido stretch con elongación bidireccional y vivos en tela deportiva antimicrobial que además de brindar frescura y protección te da libertad de movimiento.

",taxable,parent,0,,,,,,,178000,UNIFORME SPORTFIT,,,"Sporfit verde 1, sporfit verde 2, sporfit verde 3, sporfit verde 4",,Talla,"XS, S, M, L, XL",1,1,M
HS410XS,variable,,SPORTFIT VERDE A XS,1,1,visible,,,taxable,parent,1,4,,,,,,178000,,,,,,Talla,XS,,,
HS410S,variable,,SPORTFIT VERDE A S,1,1,visible,,,taxable,parent,1,4,,,,,,178000,,,,,,Talla,S,,,
HS410M,variable,,SPORTFIT VERDE A M,1,1,visible,,,taxable,parent,1,4,,,,,,178000,,,,,,Talla,M,,,
HS410L,variable,,SPORTFIT VERDE A L,1,1,visible,,,taxable,parent,1,4,,,,,,178000,,,,,,Talla,L,,,
HS410XL,variable,,SPORTFIT VERDE A XL,1,1,visible,,,taxable,parent,1,4,,,,,,178000,,,,,,Talla,XL,,,
BTS001,variable,,BATA SUPREME REDLOVE ,1,1,visible,,"Bata larga, con cierre frontal con solapa, 2 bolsillos frontales, puño de manga resortado.
Están fabricadas en telas de última tecnología como lo es el
Antifluido stretch con elongación bidireccional, posee una composición de 88%
poliéster - 12% Lycra, que además de brindar frescura y protección te da
libertad de movimiento.
",taxable,parent,0,,,,,,,180000,BATAS ESTAMPADAS,,,Bata redlove. Jpg,,Talla,"XS, S, M, L, XL",1,1,M
BTS00106,variable,,BATA SUPREME REDLOVE (XS),1,1,visible,,,taxable,parent,1,6,,,,,,180000,,,,,,Talla,XS,,,
BTS00108,variable,,BATA SUPREME REDLOVE (S),1,1,visible,,,taxable,parent,1,6,,,,,,180000,,,,,,Talla,S,,,
BTS00110,variable,,BATA SUPREME REDLOVE (M),1,1,visible,,,taxable,parent,1,6,,,,,,180000,,,,,,Talla,M,,,
BTS00112,variable,,BATA SUPREME REDLOVE (L),1,1,visible,,,taxable,parent,1,6,,,,,,180000,,,,,,Talla,L,,,
BTS00114,variable,,BATA SUPREME REDLOVE (XL),1,1,visible,,,taxable,parent,1,6,,,,,,180000,,,,,,Talla,XL,,,
BTS002,variable,,BATA SUPREME RAINBOW ,1,1,visible,,"Bata larga, con cierre frontal con solapa, 2 bolsillos frontales, puño de manga resortado.
Están fabricadas en telas de última tecnología como lo es el
Antifluido stretch con elongación bidireccional, posee una composición de 88%
poliéster - 12% Lycra, que además de brindar frescura y protección te da
libertad de movimiento.
",taxable,parent,0,,,,,,,180000,BATAS ESTAMPADAS,,,Bata rainbom. Jpg,,Talla,"XS, S, M, L, XL",1,1,M
BTS00206,variable,,BATA SUPREME RAINBOW (XS),1,1,visible,,,taxable,parent,1,6,,,,,,180000,,,,,,Talla,XS,,,
BTS00208,variable,,BATA SUPREME RAINBOW (S),1,1,visible,,,taxable,parent,1,6,,,,,,180000,,,,,,Talla,S,,,
BTS00210,variable,,BATA SUPREME RAINBOW (M),1,1,visible,,,taxable,parent,1,6,,,,,,180000,,,,,,Talla,M,,,
BTS00212,variable,,BATA SUPREME RAINBOW (L),1,1,visible,,,taxable,parent,1,6,,,,,,180000,,,,,,Talla,L,,,
BTS00214,variable,,BATA SUPREME RAINBOW (XL),1,1,visible,,,taxable,parent,1,6,,,,,,180000,,,,,,Talla,XL,,,
BTS003,variable,,BATA SUPREME NIGHT ,1,1,visible,,"Bata larga, con cierre frontal con solapa, 2 bolsillos frontales, puño de manga resortado.
Están fabricadas en telas de última tecnología como lo es el
Antifluido stretch con elongación bidireccional, posee una composición de 88%
poliéster - 12% Lycra, que además de brindar frescura y protección te da
libertad de movimiento.
",taxable,parent,0,,,,,,,180000,BATAS ESTAMPADAS,,,Bata nigth. Jpg ,,Talla,"XS, S, M, L, XL",1,1,M
BTS00306,variable,,BATA SUPREME NIGHT (XS),1,1,visible,,,taxable,parent,1,6,,,,,,180000,,,,,,Talla,XS,,,
BTS00308,variable,,BATA SUPREME NIGHT (S),1,1,visible,,,taxable,parent,1,6,,,,,,180000,,,,,,Talla,S,,,
BTS00310,variable,,BATA SUPREME NIGHT (M),1,1,visible,,,taxable,parent,1,6,,,,,,180000,,,,,,Talla,M,,,
BTS00312,variable,,BATA SUPREME NIGHT (L),1,1,visible,,,taxable,parent,1,6,,,,,,180000,,,,,,Talla,L,,,
BTS00314,variable,,BATA SUPREME NIGHT (XL),1,1,visible,,,taxable,parent,1,6,,,,,,180000,,,,,,Talla,XL,,,
BTS004,variable,,BATA SUPREME LOL ,1,1,visible,,"Bata larga, con cierre frontal con solapa, 2 bolsillos frontales, puño de manga resortado.
Están fabricadas en telas de última tecnología como lo es el
Antifluido stretch con elongación bidireccional, posee una composición de 88%
poliéster - 12% Lycra, que además de brindar frescura y protección te da
libertad de movimiento.
",taxable,parent,0,,,,,,,180000,BATAS ESTAMPADAS,,,Bata LOL. Jpg,,Talla,"XS, S, M, L, XL",1,1,M
BTS00406,variable,,BATA SUPREME LOL (XS),1,1,visible,,,taxable,parent,1,6,,,,,,180000,,,,,,Talla,XS,,,
BTS00408,variable,,BATA SUPREME LOL (S),1,1,visible,,,taxable,parent,1,6,,,,,,180000,,,,,,Talla,S,,,
BTS00410,variable,,BATA SUPREME LOL (M),1,1,visible,,,taxable,parent,1,6,,,,,,180000,,,,,,Talla,M,,,
BTS00412,variable,,BATA SUPREME LOL (L),1,1,visible,,,taxable,parent,1,6,,,,,,180000,,,,,,Talla,L,,,
BTS00414,variable,,BATA SUPREME LOL (XL),1,1,visible,,,taxable,parent,1,6,,,,,,180000,,,,,,Talla,XL,,,
HG908,variable,,GORRO SPACECAT,1,0,visible,,"Gorro con bolsa para el cabello, diseñados para que se acomoden suavemente a la cabeza con cinta para amarrar y elástico interno posterior para mejorar su ajuste.",taxable,parent,1,6,,,,,20%,35000,GORRO QUIRÚRGICO ,,,GORRO SPACECAT,,producto simple,unica,1,1,
HG902,variable,,GORRO MONSTER,1,0,visible,,"Gorro con bolsa para el cabello, diseñados para que se acomoden suavemente a la cabeza con cinta para amarrar y elástico interno posterior para mejorar su ajuste.",taxable,parent,1,6,,,,,20%,35000,GORRO QUIRÚRGICO ,,,GORRO MONSTER,,producto simple,unica,1,1,
HG909,variable,,GORRO LOL,1,0,visible,,"Gorro con bolsa para el cabello, diseñados para que se acomoden suavemente a la cabeza con cinta para amarrar y elástico interno posterior para mejorar su ajuste.",taxable,parent,1,6,,,,,20%,35000,GORRO QUIRÚRGICO ,,,GORRO LOL,,producto simple,unica,1,1,
HG912,variable,,GORRO DRAGON,1,0,visible,,"Gorro con bolsa para el cabello, diseñados para que se acomoden suavemente a la cabeza con cinta para amarrar y elástico interno posterior para mejorar su ajuste.",taxable,parent,1,1,,,,,20%,35000,GORRO QUIRÚRGICO ,,,GORRO DRAGON,,producto simple,unica,1,1,
HG913,variable,,GORRO FRUITS,1,0,visible,,"Gorro con bolsa para el cabello, diseñados para que se acomoden suavemente a la cabeza con cinta para amarrar y elástico interno posterior para mejorar su ajuste.",taxable,parent,1,10,,,,,20%,35000,GORRO QUIRÚRGICO ,,,GORRO FRUITS,,producto simple,unica,1,1,
HG915,variable,,GORRO KOALA,1,0,visible,,"Gorro con bolsa para el cabello, diseñados para que se acomoden suavemente a la cabeza con cinta para amarrar y elástico interno posterior para mejorar su ajuste.",taxable,parent,1,2,,,,,20%,35000,GORRO QUIRÚRGICO ,,,GORRO KOALA,,producto simple,unica,1,1,
HG919,variable,,GORRO LLAMAS,1,0,visible,,"Gorro con bolsa para el cabello, diseñados para que se acomoden suavemente a la cabeza con cinta para amarrar y elástico interno posterior para mejorar su ajuste.",taxable,parent,1,2,,,,,20%,35000,GORRO QUIRÚRGICO ,,,GORRO LLAMAS,,producto simple,unica,1,1,
HG920,variable,,GORRO BIRDS,1,0,visible,,"Gorro con bolsa para el cabello, diseñados para que se acomoden suavemente a la cabeza con cinta para amarrar y elástico interno posterior para mejorar su ajuste.",taxable,parent,1,10,,,,,20%,35000,GORRO QUIRÚRGICO ,,,GORRO BIRDS,,producto simple,unica,1,1,
HG923,variable,,GORRO CATS,1,0,visible,,"Gorro con bolsa para el cabello, diseñados para que se acomoden suavemente a la cabeza con cinta para amarrar y elástico interno posterior para mejorar su ajuste.",taxable,parent,1,10,,,,,20%,35000,GORRO QUIRÚRGICO ,,,GORRO CATS,,producto simple,unica,1,1,
HG925,variable,,GORRO FLYPETS,1,0,visible,,"Gorro con bolsa para el cabello, diseñados para que se acomoden suavemente a la cabeza con cinta para amarrar y elástico interno posterior para mejorar su ajuste.",taxable,parent,1,5,,,,,20%,35000,GORRO QUIRÚRGICO ,,,GORRO FLYPETS,,producto simple,unica,1,1,
HG926,variable,,GORRO CRAZY,1,0,visible,,"Gorro con bolsa para el cabello, diseñados para que se acomoden suavemente a la cabeza con cinta para amarrar y elástico interno posterior para mejorar su ajuste.",taxable,parent,1,5,,,,,20%,35000,GORRO QUIRÚRGICO ,,,GORRO CRAZY,,producto simple,unica,1,1,
HG927,variable,,GORRO VIRUS,1,0,visible,,"Gorro con bolsa para el cabello, diseñados para que se acomoden suavemente a la cabeza con cinta para amarrar y elástico interno posterior para mejorar su ajuste.",taxable,parent,1,10,,,,,20%,35000,GORRO QUIRÚRGICO ,,,GORRO VIRUS,,producto simple,unica,1,1,
HG928,variable,,GORRO EMOTICONS,1,0,visible,,"Gorro con bolsa para el cabello, diseñados para que se acomoden suavemente a la cabeza con cinta para amarrar y elástico interno posterior para mejorar su ajuste.",taxable,parent,1,5,,,,,20%,35000,GORRO QUIRÚRGICO ,,,GORRO EMOTICONS,,producto simple,unica,1,1,
HG929,variable,,GORRO SUPER,1,0,visible,,"Gorro con bolsa para el cabello, diseñados para que se acomoden suavemente a la cabeza con cinta para amarrar y elástico interno posterior para mejorar su ajuste.",taxable,parent,1,4,,,,,20%,35000,GORRO QUIRÚRGICO ,,,GORRO SUPER,,producto simple,unica,1,1,
HG930,variable,,GORRO HEART,1,0,visible,,"Gorro con bolsa para el cabello, diseñados para que se acomoden suavemente a la cabeza con cinta para amarrar y elástico interno posterior para mejorar su ajuste.",taxable,parent,1,4,,,,,20%,35000,GORRO QUIRÚRGICO ,,,GORRO HEART,,producto simple,unica,1,1,
HG931,variable,,GORRO STARS,1,0,visible,,"Gorro con bolsa para el cabello, diseñados para que se acomoden suavemente a la cabeza con cinta para amarrar y elástico interno posterior para mejorar su ajuste.",taxable,parent,1,4,,,,,20%,35000,GORRO QUIRÚRGICO ,,,GORRO STARS,,producto simple,unica,1,1,
HG933,variable,,GORRO STICKER BOOM,1,0,visible,,"Gorro con bolsa para el cabello, diseñados para que se acomoden suavemente a la cabeza con cinta para amarrar y elástico interno posterior para mejorar su ajuste.",taxable,parent,1,10,,,,,20%,35000,GORRO QUIRÚRGICO ,,,GORRO STICKER BOOM,,producto simple,unica,1,1,
HG934,variable,,GORRO FACECAT,1,0,visible,,"Gorro con bolsa para el cabello, diseñados para que se acomoden suavemente a la cabeza con cinta para amarrar y elástico interno posterior para mejorar su ajuste.",taxable,parent,1,10,,,,,20%,35000,GORRO QUIRÚRGICO ,,,GORRO FACECAT,,producto simple,unica,1,1,
HG935,variable,,GORRO SMALLBOX,1,0,visible,,"Gorro con bolsa para el cabello, diseñados para que se acomoden suavemente a la cabeza con cinta para amarrar y elástico interno posterior para mejorar su ajuste.",taxable,parent,1,10,,,,,20%,35000,GORRO QUIRÚRGICO ,,,GORRO SMALLBOX,,producto simple,unica,1,1,
HG936,variable,,GORRO REDLOVE,1,0,visible,,"Gorro con bolsa para el cabello, diseñados para que se acomoden suavemente a la cabeza con cinta para amarrar y elástico interno posterior para mejorar su ajuste.",taxable,parent,1,10,,,,,20%,35000,GORRO QUIRÚRGICO ,,,GORRO REDLOVE,,producto simple,unica,1,1,
HG937,variable,,GORRO OCTOPUS,1,0,visible,,"Gorro con bolsa para el cabello, diseñados para que se acomoden suavemente a la cabeza con cinta para amarrar y elástico interno posterior para mejorar su ajuste.",taxable,parent,1,10,,,,,20%,35000,GORRO QUIRÚRGICO ,,,GORRO OCTOPUS,,producto simple,unica,1,1,
HG938,variable,,GORRO COOKIES,1,0,visible,,"Gorro con bolsa para el cabello, diseñados para que se acomoden suavemente a la cabeza con cinta para amarrar y elástico interno posterior para mejorar su ajuste.",taxable,parent,1,10,,,,,20%,35000,GORRO QUIRÚRGICO ,,,GORRO COOKIES,,producto simple,unica,1,1,
HG939,variable,,GORRO RAINBOW,1,0,visible,,"Gorro con bolsa para el cabello, diseñados para que se acomoden suavemente a la cabeza con cinta para amarrar y elástico interno posterior para mejorar su ajuste.",taxable,parent,1,10,,,,,20%,35000,GORRO QUIRÚRGICO ,,,GORRO RAINBOW,,producto simple,unica,1,1,
HG940,variable,,GORRO ALIEN,1,0,visible,,"Gorro con bolsa para el cabello, diseñados para que se acomoden suavemente a la cabeza con cinta para amarrar y elástico interno posterior para mejorar su ajuste.",taxable,parent,1,10,,,,,20%,35000,GORRO QUIRÚRGICO ,,,GORRO ALIEN,,producto simple,unica,1,1,
HG941,variable,,GORRO FLOWER,1,0,visible,,"Gorro con bolsa para el cabello, diseñados para que se acomoden suavemente a la cabeza con cinta para amarrar y elástico interno posterior para mejorar su ajuste.",taxable,parent,1,10,,,,,20%,35000,GORRO QUIRÚRGICO ,,,GORRO FLOWER,,producto simple,unica,1,1,
HG942,variable,,GORRO AVOCADO,1,0,visible,,"Gorro con bolsa para el cabello, diseñados para que se acomoden suavemente a la cabeza con cinta para amarrar y elástico interno posterior para mejorar su ajuste.",taxable,parent,1,10,,,,,20%,35000,GORRO QUIRÚRGICO ,,,GORRO AVOCADO,,producto simple,unica,1,1,
HG943,variable,,GORRO GLOBE,1,0,visible,,"Gorro con bolsa para el cabello, diseñados para que se acomoden suavemente a la cabeza con cinta para amarrar y elástico interno posterior para mejorar su ajuste.",taxable,parent,1,10,,,,,20%,35000,GORRO QUIRÚRGICO ,,,GORRO GLOBE,,producto simple,unica,1,1,